name,time,حجم معاملات x1,نحوه توزیع ارز x2,الگوریتم اجماع x3,تکنولوژی و نوآوری x4,توزیع در چند شبکه x5,میانگین کارمزد تراکنش x6,قیمت پایانی x7,کنترل عرضه و ارزش منظم x8,حجم بازار Y,,
VTC,2021-01-10,2235639.46,57.9,25.75,3,6,0.02276,0.2239673,60000000,12955623.01,,
VTC,2021-01-17,1659574.65,56.93,34.44,1,6,0.01917,0.19424304,60058989,11328423.48,,
VTC,2021-01-24,1008091.08,56.87,43.76,1,6,0.021723,0.19060467,60117978,11135657.91,,
VTC,2021-01-31,8062960.7,60.78,54.97,1,6,0.028095,0.283324,60176966,16582315.18,,
VTC,2021-02-07,3590152.14,56.93,72.36,1,6,0.020481,0.32104689,60235955,18822873.85,,
VTC,2021-02-14,16618935.05,57.53,89.83,4,6,0.02518,0.87105382,60294944,51160581.36,,
VTC,2021-02-21,8653945.8,58.59,107.43,2,7,0.031896,0.70827468,60353933,41672312.65,, 
VTC,2021-02-28,4466906.23,59.32,128.75,2,7,0.018479,0.53548472,60412921,31560638.07,,
VTC,2021-03-07,3012649.33,60.27,157.73,2,7,0.025628,0.67519088,60471910,39864128.26,,
VTC,2021-03-14,3608517.64,59.26,186.82,1,7,0.025224,0.62402495,60530899,36905988.09,,
VTC,2021-03-21,4530083.09,57.76,216.5,1,7,0.01943,0.69417739,60589888,41124819.5,,
VTC,2021-03-28,10237204.5,60.11,247.42,1,7,0.031242,0.66599315,60648876,39520797.34,,
VTC,2021-04-04,4131198.25,59.11,299.99,1,7,0.021367,0.6721027,60707865,39951781.7,,
VTC,2021-04-11,4766188.83,58.19,358.58,1,7,0.022406,0.6766487,60766854,40290334.06,,
VTC,2021-04-18,75615906.77,59.38,416.63,1,7,0.023751,1.18404634,60825843,70623417.16,,
VTC,2021-04-25,92800044.5,58.98,475.1,3,7,0.034141,1.6564322,60884831,98970990.57,,
VTC,2021-05-02,30659535.61,58.25,564.38,1,7,0.026606,1.44466574,60943820,86458183.83,,
VTC,2021-05-09,23808764.67,58.88,677.53,1,8,0.018903,1.3373428,61002809,80167712.47,,
VTC,2021-05-16,37203072.85,59.83,790.34,1,8,0.029663,1.23915614,61061798,74404445.1,,
VTC,2021-05-23,21505150.07,57.07,903.26,1,8,0.016985,0.58786846,61120787,35357390.93,,
VTC,2021-05-30,6940107.66,58.33,1016.99,1,8,0.02402,0.69985531,61179775,42163096.01,,
VTC,2021-06-06,2712627.32,59.31,1133.04,1,8,0.029233,0.69269262,61238764,41801226.59,,
VTC,2021-06-13,2856991.15,56.87,1250.08,1,8,0.019202,0.60828998,61297753,36767523.53,,
VTC,2021-06-20,2045843.4,56.5,1366.77,1,8,0.021603,0.50608369,61356742,30640417.83,,
VTC,2021-06-27,9063349.83,58.06,1481.71,1,8,0.027023,0.59230928,61415730,35920742.48,,
VTC,2021-07-04,3495499.06,56.4,1577.61,1,8,0.023085,0.56827186,61474719,34520056.28,,
VTC,2021-07-11,1368855.41,56.95,1667.57,1,8,0.034194,0.51522697,61533708,31349125.07,,
VTC,2021-07-18,1611066.4,56,1758.21,1,8,0.029418,0.46487112,61592697,28332289.87,,
VTC,2021-07-25,1269602.79,59.9,1848.46,1,8,0.016265,0.44988492,61651685,27464303.24,,
VTC,2021-08-01,3832079.43,56.12,1925.74,1,8,0.02583,0.53537138,61710674,32736419.39,,
VTC,2021-08-08,1938333.58,55.16,1985.38,1,8,0.02232,0.53361908,61769663,32683366.73,,
VTC,2021-08-15,6406559.21,54.89,2045.73,5,8,0.034346,0.68011702,61828652,41725057.97,,
VTC,2021-08-22,5036679.77,57.09,1996.14,3,9,0.018765,0.67858104,61887640,41697716.84,,
VTC,2021-08-29,2675990.7,53.78,1818.35,3,9,0.03286,0.62467296,61946629,38449149.59,,
VTC,2021-09-05,3220928.38,53.73,1753.36,3,9,0.033416,0.62213818,62005618,38355236.58,,
VTC,2021-09-12,3760385.32,52.9,1706.91,1,9,0.026485,0.547821,62064607,33828150.48,,
VTC,2021-09-19,1375783.06,53.97,1659.96,1,9,0.033663,0.5178727847,62123596,32031854.34,,
VTC,2021-09-26,2843809.29,53.6,1613.29,1,9,0.032949,0.4570317995,62182584,28314752.5,,
VTC,2021-10-03,1491394.32,54.29,1567.53,1,9,0.033729,0.5068206411,62241573,31450373.25,,
VTC,2021-10-10,1823578.59,55.2,1522.31,3,9,0.01765,0.5107302899,62300562,31744350.26,,
VTC,2021-10-17,1218225.93,53.47,1477.31,1,9,0.018435,0.5107188539,62359551,31794711.35,,
VTC,2021-10-24,1448065.9,54.77,1432.42,1,9,0.020724,0.4915824761,62418539,30653361.2,,
VTC,2021-10-31,33350869.96,54.65,1386.94,1,9,0.030713,0.6883743191,62477528,42995376.05,,
VTC,2021-11-07,9971385.05,54.13,1340.04,1,10,0.025124,0.6845643213,62536517,42826581.49,,
VTC,2021-11-14,6137042.3,54.23,1293.22,1,9,0.020487,0.6277573763,62595506,39335338.1,,
VTC,2021-11-21,1700277.13,53.87,1246.66,1,10,0.028175,0.5903873668,62654494,37053019.33,,
VTC,2021-11-28,2573158.63,54.18,1200.11,1,10,0.018739,0.5810468131,62713483,36525327.24,,
VTC,2021-12-05,12285375.27,55.48,1154.72,1,10,0.018799,0.5963663106,62772472,37548995.32,,
VTC,2021-12-12,18437335.59,55.59,1109.83,1,10,0.026594,0.6096417469,62831461,38426342.36,,
VTC,2021-12-19,3268423.95,56.36,1064.47,1,10,0.02261,0.538138669,62890449,33946142.42,,
VTC,2021-12-26,2623060.1,55.3,1019.45,1,10,0.028569,0.4980464162,62949438,31441899.36,,
VTC,2022-01-02,2647759.19,56.42,994.57,1,10,0.017416,0.4550762292,63008219,28752073.4,,
VTC,2022-01-09,3567891.18,57.29,985.33,1,10,0.022263,0.4190859159,63065753,26499141.93,,
VTC,2022-01-16,1954630.64,56.13,976.19,3,10,0.029993,0.4081893134,63123288,25830698.15,,
VTC,2022-01-23,1093471.49,58.57,966.58,1,10,0.031005,0.2730654057,63180822,17293531.7,,
VTC,2022-01-30,1243011.03,58.27,957.71,1,10,0.030173,0.2779590007,63238356,17617384.75,,
VTC,2022-02-06,4123547.68,57.08,948.31,1,10,0.027949,0.3613006806,63295890,22917947.1,,
VTC,2022-02-13,2039473.55,57.88,939.11,1,10,0.031953,0.3162695371,63353425,20077552.43,,
VTC,2022-02-20,952598.55,57.37,929.51,1,11,0.029535,0.283176613,63410959,17990963.48,,
VTC,2022-02-27,549006.71,57.94,920.73,1,10,0.02111,0.2614449612,63468493,16623343.08,,
VTC,2022-03-06,522580.14,56.87,911.24,4,10,0.018682,0.2494168401,63526027,15871119.34,,
VTC,2022-03-13,372067.2,59.68,901.88,2,11,0.022896,0.2360232787,63583562,15030720.03,,
VTC,2022-03-20,627861.9,58.37,892.74,2,11,0.031309,0.2589937286,63641096,16506550.13,,
VTC,2022-03-27,1954261.74,58.43,883.41,2,11,0.023969,0.3131589463,63698630,19974400.28,,
VTC,2022-04-03,2385075.5,57.64,873.78,1,11,0.02018,0.3292527544,63756164,21017478.18,,
VTC,2022-04-10,973037.87,58.34,864.94,1,11,0.026832,0.2877831544,63813699,18384745.37,,
VTC,2022-04-17,16510158.46,56.52,855.32,1,11,0.029367,0.4319928285,63871233,27619217.42,,
VTC,2022-04-24,9377456.06,60.71,846.34,1,11,0.032388,0.3230641235,63928767,20671095.45,,
VTC,2022-05-01,1426315.28,56.97,837.07,1,11,0.030008,0.2605522767,63986301,16684369.94,,
VTC,2022-05-08,4616957.33,57.99,827.8,1,11,0.021428,0.2379297372,64043836,15247687.95,,
VTC,2022-05-15,1345594.65,56.62,818.61,1,11,0.030338,0.1646178504,64101370,10557670.69,,
VTC,2022-05-22,687281.72,57.02,809.16,1,11,0.038614,0.1636247017,64158904,10502220.4,,
VTC,2022-05-29,451965.28,56.51,800.87,1,11,0.023837,0.160658258,64216438,10319902.81,,
VTC,2022-06-05,568953.9,55.62,796.75,1,11,0.032562,0.166927161,64273973,10730897.53,,
VTC,2022-06-12,455168.94,56.7,793.79,4,11,0.032914,0.1479694693,64331507,9519615.37,,
VTC,2022-06-19,332474.81,55.84,790.4,1,11,0.031412,0.1388282363,64389041,8938434.76,,
VTC,2022-06-26,1032351.54,52.14,787.03,1,12,0.023876,0.1532507956,64446575,9874898.46,,
VTC,2022-07-03,437547,61.02,783.47,1,12,0.033581,0.1283577688,64504110,8277261.12,,
VTC,2022-07-10,352861.82,55.08,780.35,1,12,0.021011,0.1358867205,64561644,8769527.24,,
VTC,2022-07-17,640309.55,55.79,777.06,1,12,0.020777,0.145558887,64619178,9401109.51,,
VTC,2022-07-24,507187.36,54.51,773.63,1,12,0.032335,0.1469256624,64676712,9496683,,
VTC,2022-07-31,582561.63,54.69,770.49,1,12,0.027291,0.1519426433,64734247,9828515.79,,
VTC,2022-08-07,594233.63,56.04,767.2,1,12,0.012809,0.1508328111,64791781,9764297.33,,
VTC,2022-08-14,3419140.87,54.03,764.33,1,12,0.024419,0.1851687933,64849315,11996439.88,,
VTC,2022-08-21,1442287.05,52.96,760.93,1,12,0.008831,0.1513789513,64906849,9814977.51,,
VTC,2022-08-28,802072.4,53.88,757.37,1,12,0.017696,0.1471423462,64964384,9547698.55,,
VTC,2022-09-04,1880664.16,53.33,753.98,1,12,0.02649,0.1630016704,65021918,10585110.06,,
VTC,2022-09-11,984734.79,53.62,751.31,1,12,0.024951,0.1727028252,65079452,11224012.23,,
VTC,2022-09-18,4799242.14,55.72,747.54,1,12,0.025336,0.2081325178,65136986,13537692.82,,
VTC,2022-09-25,1975809.29,52.93,744.64,5,12,0.019499,0.1815555879,65194521,11818049.63,,
VTC,2022-10-02,2345984.2,51.99,741.19,3,12,0.016881,0.1933750335,65252055,12597333.79,,
VTC,2022-10-09,944575.96,50.87,737.93,3,12,0.027398,0.1996150256,65309589,13013935.93,,
VTC,2022-10-16,548669.39,52.18,734.47,3,12,0.023178,0.1761407484,65367123,11492346.64,,
VTC,2022-10-23,497488.55,52.68,731.27,1,13,0.019803,0.1778264719,65424658,11611327.97,,
VTC,2022-10-30,904807.94,51.45,728.09,3,13,0.017151,0.1853243871,65482192,12110253.18,,
VTC,2022-11-06,457994.85,52.26,724.76,1,13,0.032883,0.1898770791,65539726,12417241.34,,
VTC,2022-11-13,559761.97,52.65,721.4,1,13,0.025046,0.1586531137,65597260,10383227.07,,
VTC,2022-11-20,362527.7,54.32,718.42,1,13,0.018994,0.1447826699,65654795,9482701.68,,
VTC,2022-11-27,244120.76,56.72,714.85,1,13,0.019903,0.1468087549,65712329,9622702.43,,
VTC,2022-12-04,177926.44,53.65,711.71,1,13,0.021379,0.1557055953,65769863,10213702.69,,
VTC,2022-12-11,208510.16,55.82,708.87,1,13,0.030394,0.1500244466,65827397,9848607.59,,
VTC,2022-12-18,331229.91,54.83,704.71,1,13,0.027858,0.1448150354,65884932,9513855.03,,
VTC,2022-12-25,262045.96,55.61,701.91,1,13,0.025204,0.1467909855,65942466,9651095.85,,
VTC,2023-01-01,169891.19,55.46,697.9,1,13,0.027569,0.1422718277,66000000,9361217.37,,
VTC,2023-01-08,220735.33,59.37,693.44,1,13,0.026529,0.1454937301,66057534,9580517.99,,
VTC,2023-01-15,1410614.61,56.28,688.5,1,13,0.026948,0.1568714071,66115068,10337440.93,,
VTC,2023-01-22,868107.85,55.05,683.97,1,13,0.028925,0.1579231177,66172603,10414774.57,,
VTC,2023-01-29,763338.86,55.7,679.51,1,13,0.023203,0.1723410418,66230137,11374327.29,,
VTC,2023-02-05,565467.13,56.07,674.52,1,13,0.031307,0.172967739,66287671,11424417.11,,
VTC,2023-02-12,803793.21,57.36,670.17,3,14,0.023005,0.1703511316,66345205,11260113.56,,
VTC,2023-02-19,933937.75,57.54,665.44,1,14,0.025958,0.1680890174,66402740,11119048.17,,
VTC,2023-02-26,2321261.42,57.88,660.91,1,14,0.026473,0.158789494,66460274,10511822.43,,
VTC,2023-03-05,442168.69,56.33,656.02,1,14,0.033327,0.1409042251,66517808,9334804.17,,
VTC,2023-03-12,370923.91,58.21,651.87,1,14,0.029964,0.1387215595,66575342,9197098.59,,
VTC,2023-03-19,444290.51,57.15,647.28,1,14,0.031512,0.1416750345,66632877,9400131.04,,
VTC,2023-03-26,561242.24,58.4,642.36,4,14,0.026003,0.1382628828,66690411,9180594.59,,
VTC,2023-04-02,1120472.4,58.7,637.8,2,14,0.021208,0.1307459145,66747945,8687903.9,,
VTC,2023-04-09,919239.91,57.21,633.44,2,14,0.019777,0.129864989,66805479,8635826.58,,
VTC,2023-04-16,1945001.06,57.66,628.32,2,14,0.0261,0.126747955,66863014,8434862.21,,
VTC,2023-04-23,564195.25,56.47,623.76,1,14,0.024008,0.1160067553,66920548,7725979.95,,
VTC,2023-04-30,393328.1,56.8,619.43,1,14,0.021413,0.1104079871,66978082,7358649.29,,
VTC,2023-05-07,337251.71,56.39,614.44,1,15,0.021247,0.1019118971,67035616,6797581.83,,
VTC,2023-05-14,2515976.61,58.29,609.93,1,14,0.025824,0.0764819698,67093151,5105239.18,,
VTC,2023-05-21,326866.92,56.48,605.23,1,15,0.01916,0.0758383795,67150685,5066055.71,,
VTC,2023-05-28,1831676.3,56.55,600.54,1,15,0.014543,0.0852845305,67208219,5701331.42,,
VTC,2023-06-04,3276971.25,56.64,597.16,1,15,0.02154,0.1047174433,67265753,7005748.49,,
VTC,2023-06-11,2464512.94,56.21,593.94,1,15,0.03002,0.0993125751,67323288,6649165.3,,
VTC,2023-06-18,529053.82,56.47,590.72,1,15,0.011632,0.0817222369,67380822,5475566.4,,
VTC,2023-06-25,1586507.55,50.23,587.45,3,15,0.025846,0.0973202913,67438356,6525564.94,,
VTC,2023-07-02,2668522.49,50.07,584.09,1,15,0.029198,0.1036935351,67495890,6958149.57,,
VTC,2023-07-09,569548.12,59.71,580.94,1,15,0.026467,0.1012399982,67553425,6798559.17,,
VTC,2023-07-16,333112.73,53.79,577.66,1,15,0.026623,0.1021214415,67610959,6862946.08,,
VTC,2023-07-23,277358.12,52.18,574.13,1,15,0.019176,0.1009189893,67668493,6787206.72,,
VTC,2023-07-30,315835.81,52.62,571.39,1,15,0.019646,0.0962277128,67726027,6476458.03,,
VTC,2023-08-06,250681.38,52.81,568,1,15,0.034087,0.0919086855,67783562,6190418.53,,
VTC,2023-08-13,4799243.11,53.04,564.4,1,16,0.017484,0.044103316,67841096,2972668.12,,
VTC,2023-08-20,745262.19,53.94,560.85,1,16,0.021288,0.0437761388,67898630,2952814.25,,
VTC,2023-08-27,125106.29,52.64,557.95,1,16,0.026352,0.0433929986,67956164,2929138.5,,
VTC,2023-09-03,168179.46,50.98,554.42,1,16,0.02275,0.0450600807,68013699,3043957.02,,
VTC,2023-09-10,118337.32,51.58,551.37,1,16,0.020425,0.0439534153,68071233,2971403.48,,
VTC,2023-09-17,87135.54,52.26,548.33,1,16,0.026397,0.0443120402,68128767,2997866.17,,
VTC,2023-09-24,85067.99,53.6,544.8,1,16,0.029352,0.0426093713,68186301,2884844.48,,
VTC,2023-10-01,73884.25,51.61,541.46,1,16,0.032347,0.0436343153,68243836,2956351.84,,
VTC,2023-10-08,99313.65,53.18,538.29,1,16,0.029026,0.0464368983,68301370,3148578.3,,
VTC,2023-10-15,72364.91,51.77,535.05,3,16,0.031853,0.0455822727,68358904,3092966.75,,
VTC,2023-10-22,92065.99,53.61,531.5,1,16,0.031171,0.0491020459,68416438,3334255.87,,
VTC,2023-10-29,147948.13,50.99,528.57,1,16,0.020493,0.0554602885,68473973,3768812.78,,
VTC,2023-11-05,126446.67,52.64,525.65,1,16,0.02579,0.06438003,68531507,4378258.71,,
VTC,2023-11-12,160110.84,53.33,521.85,4,16,0.023178,0.0618856635,68589041,4211836.77,,
VTC,2023-11-19,121248.46,50.22,518.61,2,17,0.034148,0.0620004067,68646575,4222756.07,,
VTC,2023-11-26,353129.49,52.74,515.41,2,17,0.034812,0.0336168739,68704110,2291232.34,,
VTC,2023-12-03,452240.74,52.24,512.27,2,17,0.011942,0.0337658394,68761644,2303009.11,,
VTC,2023-12-10,136435.73,52.5,508.5,1,17,0.026659,0.0422960337,68819178,2886914.6,,
VTC,2023-12-17,95302.99,53.52,505.75,1,17,0.030386,0.039476105,68876712,2696398.46,,
VTC,2023-12-24,123052.82,54.27,502.43,1,17,0.029719,0.0469284293,68934247,3207821.98,,
VTC,2023-12-31,90849.97,56.86,499.33,1,17,0.015012,0.0447833676,68991781,3063433.58,,
VTC,2024-01-07,108909.01,52.33,496.7,1,17,0.036727,0.0438019371,68997877,2998517.9,,
VTC,2024-01-14,107565.22,54.42,494.55,3,17,0.023707,0.037118002,68995400,2542830.79,,
VTC,2024-01-21,70635.32,55.49,492.52,1,17,0.02752,0.0402156488,68992923,2757060.1,,
VTC,2024-01-28,100013.85,55.96,490.34,1,17,0.027221,0.0380036588,68990445,2607320.25,,
VTC,2024-02-04,67805.58,55.96,488.03,1,17,0.018778,0.038668613,68987968,2654879.09,,
VTC,2024-02-11,62385.45,56.87,485.25,1,17,0.030889,0.0444039702,68985491,3050888.98,,
VTC,2024-02-18,90895.21,56.22,483.16,4,18,0.035196,0.0547971824,68983014,3767768.51,,
VTC,2024-02-25,94461.96,55.5,480.91,2,17,0.03217,0.0562219307,68980537,3868529.69,,
VTC,2024-03-03,126030.69,58.24,478.46,2,18,0.027707,0.052859096,68978060,3639819.05,,
VTC,2024-03-10,145214.06,57.37,476.05,2,18,0.023601,0.0586650519,68975583,4042561.63,,
VTC,2024-03-17,141820.37,56.85,474.28,1,18,0.028535,0.0517695173,68973106,3569981.76,,
VTC,2024-03-24,110643.61,55.88,471.45,1,18,0.03092,0.0557673138,70979168,3848315.55,,
VTC,2024-03-31,96075.32,57.43,469.19,1,18,0.024461,0.0558814606,73788646,3859160.93,,
VTC,2024-04-07,99756.07,56.17,466.84,1,18,0.033033,0.0471182302,74190984,3256310.74,,
VTC,2024-04-14,110162.63,57.67,464.78,1,18,0.018624,0.0459442165,74192131,3177477.21,,
VTC,2024-04-21,118893.66,55.92,462.6,1,18,0.025088,0.0503799673,74193279,3486801.17,,
VTC,2024-04-28,127362.11,57.06,459.99,4,18,0.024799,0.0604992874,74194426,4190209.99,,
VTC,2024-05-05,132786.3,55.23,457.8,1,18,0.028536,0.0594015223,74195574,4117203.27,,
VTC,2024-05-12,87100.25,55.87,455.78,1,18,0.022251,0.0571042587,74196721,3960829.05,,
VTC,2024-05-19,98913.68,55.12,453.1,1,19,0.031661,0.0600498471,74197869,4168197.83,,
VTC,2024-05-26,124597.01,55.35,451.3,1,19,0.028603,0.066360158,74199016,4609567.17,,
VTC,2024-06-02,123261.92,55.43,456.35,1,19,0.027205,0.0692132044,74200079,4811269.18,,
VTC,2024-06-09,113977.87,50.98,467.96,5,19,0.020846,0.0690329351,74200630,4802282,,
VTC,2024-06-16,105560.75,55.08,479.47,3,19,0.017255,0.0699748235,74201181,4871407.34,,
VTC,2024-06-23,92811.09,55.32,490.64,3,19,0.023762,0.0571704658,74201732,3982876.84,,
VTC,2024-06-30,112502.85,55.87,502.47,3,19,0.027253,0.0568735691,74202283,3964983.36,,
VTC,2024-07-07,103370.73,54.47,513.46,1,19,0.01083,0.0584826643,74202835,4080099.92,,
VTC,2024-07-14,146494.46,53.7,525,1,19,0.021684,0.0732053547,74203386,5110997.29,,
VTC,2024-07-21,187106.26,52.85,535.92,1,19,0.02206,0.0843575108,74203937,5893897.74,,
VTC,2024-07-28,163414.34,53.21,547.89,1,19,0.031312,0.0920450156,74204488,6435719.38,,
VTC,2024-08-04,230538.97,53.16,559.41,1,19,0.033295,0.0800996599,74205039,5604652.1,,
VTC,2024-08-11,130913.24,51.76,570.43,3,20,0.019308,0.0732419132,74205591,5128484.61,,
VTC,2024-08-18,145338.08,50.43,581.88,1,20,0.027181,0.0681079899,74206142,4772332.65,,
VTC,2024-08-25,114535.08,51.63,593.81,1,20,0.027613,0.067754428,74206693,4750982.64,,
VTC,2024-09-01,104467.54,54.76,609.9,1,20,0.025602,0.061327354,74207244,4303368.65,,
VTC,2024-09-08,95888.54,49.43,633.4,1,20,0.026403,0.0594557895,74207795,4175041.14,,
VTC,2024-09-15,109152.54,51.96,656.45,1,20,0.030939,0.0553011501,74208346,3886033.11,,
VTC,2024-09-22,93619.95,51.26,679.89,1,20,0.028706,0.0661684708,74208898,4654814.92,,
VTC,2024-09-29,161366.1,50.48,711.05,1,20,0.027777,0.0578837544,74209449,4073292.66,,
VTC,2024-10-06,125976.99,52.4,744.09,1,20,0.013114,0.0504760136,74210000,3554554.19,,