name,time,حجم معاملات x1,نحوه توزیع ارز x2,الگوریتم اجماع x3,تکنولوژی و نوآوری x4,توزیع در چند شبکه x5,میانگین کارمزد تراکنش x6,قیمت پایانی x7,کنترل عرضه و ارزش منظم x8,حجم بازار Y
ETH,2021-01-10,301834730092,74.23,301.7334,1,11,7.95E-18,1262.246664,1.14E+08,144147690009
ETH,2021-01-17,259298253002,74.16,321.6027,1,11,7.81E-18,1230.172272,1.14E+08,140601384430
ETH,2021-01-24,273320283915,74.18,341.0405,1,11,9.02E-18,1391.609408,1.14E+08,159184556292
ETH,2021-01-31,1311754884436,74.17,360.4919,3,12,1.79E-17,1314.986229,1.15E+08,150543956657
ETH,2021-02-07,280790741208,74.12,379.2683,1,13,2.09E-17,1614.227823,1.15E+08,184955254625
ETH,2021-02-14,274834235663,74.06,394.0853,1,13,2.07E-17,1805.084047,1.15E+08,206994111570
ETH,2021-02-21,222027748896,74.07,407.9949,1,13,2.12E-17,1935.60106,1.15E+08,222144116574
ETH,2021-02-28,230065320353,74.09,422.7438,3,15,1.22E-17,1416.048906,1.15E+08,162650415374
ETH,2021-03-07,159760752478,74.04,436.6208,1,16,1.65E-17,1723.153796,1.15E+08,198088541070
ETH,2021-03-14,167054641759,74,450.9253,1,16,1.92E-17,1854.564378,1.15E+08,213370626930
ETH,2021-03-21,164754388552,73.99,465.4792,1,16,1.64E-17,1788.217009,1.15E+08,205906557856
ETH,2021-03-28,163726181464,74,479.9505,1,18,1.96E-17,1691.355965,1.15E+08,194913443083
ETH,2021-04-04,199331046462,73.97,493.663,1,17,1.65E-17,2093.122853,1.15E+08,241411837678
ETH,2021-04-11,184033037351,73.94,506.6591,5,18,1.71E-17,2157.657037,1.16E+08,249059103192
ETH,2021-04-18,238346115304,73.92,518.352,3,19,2.11E-17,2237.137028,1.16E+08,258444691650
ETH,2021-04-25,285051627061,73.9,529.8022,3,19,1.07E-17,2316.059659,1.16E+08,267780847561
ETH,2021-05-02,220866851896,73.87,541.2247,3,20,1.53E-17,2952.056055,1.16E+08,341593133886
ETH,2021-05-09,344594950619,73.9,552.7749,3,21,4.38E-17,3928.844706,1.16E+08,454991994900
ETH,2021-05-16,400749195286,73.84,564.2712,1,23,2.36E-17,3587.506206,1.16E+08,415801534962
ETH,2021-05-23,398441727888,73.85,576.0075,1,22,1.08E-17,2109.579852,1.16E+08,244704904961
ETH,2021-05-30,278778310751,73.84,587.4581,4,22,5.61E-18,2390.305302,1.16E+08,277492990927
ETH,2021-06-06,206114234749,73.81,598.9715,1,23,4.57E-18,2715.092661,1.16E+08,315453931558
ETH,2021-06-13,214989180606,73.77,610.5717,1,24,3.81E-18,2508.391632,1.16E+08,291673894435
ETH,2021-06-20,165998018623,73.77,622.0923,1,25,4.61E-18,2246.364533,1.17E+08,261416943134
ETH,2021-06-27,181271282627,73.75,633.4418,4,25,3.88E-18,1978.894662,1.17E+08,230473556118
ETH,2021-07-04,173236166988,73.72,645.0093,1,26,4.91E-18,2321.724112,1.17E+08,270621669241
ETH,2021-07-11,141898628329,73.73,653.686,1,26,5.10E-18,2139.664742,1.17E+08,249601597225
ETH,2021-07-18,109461389917,73.69,659.9791,1,26,4.70E-18,1895.552137,1.17E+08,221300983041
ETH,2021-07-25,117099495934,73.72,666.8661,1,26,7.31E-18,2191.37373,1.17E+08,256042010286
ETH,2021-08-01,187113585591,73.68,673.1031,8,27,1.11E-17,2561.852153,1.17E+08,299564961374
ETH,2021-08-08,236201269058,73.68,679.7045,4,27,1.72E-17,3013.732756,1.17E+08,352685939542
ETH,2021-08-15,177617150981,73.67,685.9088,5,27,1.48E-17,3310.504171,1.17E+08,387728432650
ETH,2021-08-22,144657511395,73.64,692.5251,5,28,2.48E-17,3242.115557,1.17E+08,380025418317
ETH,2021-08-29,122446358200,73.65,699.1201,5,29,3.97E-17,3227.002774,1.17E+08,378558550046
ETH,2021-09-05,166431911904,73.61,705.456,2,29,3.97E-17,3952.133497,1.17E+08,463997267858
ETH,2021-09-12,171456032652,73.62,711.5805,2,29,2.21E-17,3410.134593,1.17E+08,400686506367
ETH,2021-09-19,127464621870,73.57,717.8944,2,29,2.09E-17,3329.447895,1.18E+08,391520172702
ETH,2021-09-26,165736116791,73.58,724.9215,2,30,2.68E-17,3062.265356,1.18E+08,360390447457
ETH,2021-10-03,126510518146,73.61,731.0436,2,30,3.29E-17,3418.35866,1.18E+08,402619122254
ETH,2021-10-10,120426108412,73.54,738.7059,2,31,3.34E-17,3425.852853,1.18E+08,403822590446
ETH,2021-10-17,125796571016,73.53,747.4224,1,31,2.88E-17,3847.104595,1.18E+08,453838694184
ETH,2021-10-24,131136502497,73.54,756.4027,6,31,4.37E-17,4087.903005,1.18E+08,482628847456
ETH,2021-10-31,140412419359,73.52,764.8084,3,32,4.98E-17,4288.074452,1.18E+08,506663636947
ETH,2021-11-07,121471900421,73.51,773.7709,3,32,5.11E-17,4620.554503,1.18E+08,546381671971
ETH,2021-11-14,125752889254,73.5,782.3541,3,32,4.45E-17,4626.359126,1.18E+08,547499259423
ETH,2021-11-21,137429429244,73.49,791.3937,3,33,4.21E-17,4269.733034,1.18E+08,505690293990
ETH,2021-11-28,141179727083,73.49,800.3733,1,33,4.56E-17,4294.453696,1.18E+08,509016708179
ETH,2021-12-05,186741981086,73.46,808.6338,4,33,3.05E-17,4198.322873,1.18E+08,498007875686
ETH,2021-12-12,152799880859,73.43,817.2767,2,35,2.78E-17,4134.453331,1.18E+08,490816832310
ETH,2021-12-19,152915544013,73.44,826.0741,2,34,2.42E-17,3922.592644,1.18E+08,466037604379
ETH,2021-12-26,104768396134,73.45,835.2551,2,35,2.87E-17,4067.328097,1.18E+08,483620188465
ETH,2022-01-02,91186714758,73.39,843.5675,2,35,3.69E-17,3829.565045,1.18E+08,455713570381
ETH,2022-01-09,121333429463,73.36,852.7033,1,35,4.63E-17,3157.751485,1.18E+08,376068612894
ETH,2022-01-16,99393420483,73.38,862.7521,1,35,3.58E-17,3350.921969,1.18E+08,399392136112
ETH,2022-01-23,119849284037,73.34,873.0846,1,36,2.96E-17,2535.039051,1.18E+08,302389263381
ETH,2022-01-30,117096524891,73.28,883.375,1,36,3.09E-17,2603.466582,1.18E+08,310798780839
ETH,2022-02-06,95160222840,73.32,893.2689,1,36,2.34E-17,3057.476124,1.18E+08,365288302067
ETH,2022-02-13,101267138646,73.28,903.4598,1,36,1.87E-17,2883.463488,1.18E+08,344772260795
ETH,2022-02-20,91462217527,73.27,913.563,1,36,1.81E-17,2628.648543,1.18E+08,314553542349
ETH,2022-02-27,122785980805,73.26,923.5441,1,36,1.33E-17,2621.801794,1.18E+08,313983181396
ETH,2022-03-06,99193551778,73.23,933.8653,1,37,8.77E-18,2555.037441,1.18E+08,306229430306
ETH,2022-03-13,83530580780,73.23,944.1056,1,37,1.09E-17,2518.944631,1.18E+08,302142844336
ETH,2022-03-20,94797948956,73.18,954.181,1,37,1.05E-17,2860.45913,1.19E+08,343377833604
ETH,2022-03-27,105454717558,73.19,964.029,1,37,1.85E-17,3291.577586,1.19E+08,395441924036
ETH,2022-04-03,133030130024,73.15,973.982,1,38,2.13E-17,3522.8334,1.19E+08,423557081705
ETH,2022-04-10,115161750801,73.15,985.2492,1,38,1.28E-17,3211.866884,1.19E+08,386471827351
ETH,2022-04-17,104523858982,73.13,996.373,1,38,1.29E-17,2993.403282,1.19E+08,360466921074
ETH,2022-04-24,104712950419,73.08,1007.986,1,37,1.25E-17,2922.732643,1.19E+08,352230955094
ETH,2022-05-01,124872258104,73.1,1019.278,1,39,4.06E-17,2827.756144,1.19E+08,341049885442
ETH,2022-05-08,127664655327,73.05,1031.096,1,39,1.51E-17,2517.459986,1.19E+08,303859041427
ETH,2022-05-15,217861782390,73.06,1042.395,1,39,5.22E-18,2145.706666,1.19E+08,259186464087
ETH,2022-05-22,111825123089,73.03,1053.62,1,39,5.71E-18,2043.170126,1.19E+08,246986847793
ETH,2022-05-29,115325885106,73.04,1065.358,1,39,8.28E-18,1812.030959,1.19E+08,219209358147
ETH,2022-06-05,108453102400,72.99,1075.471,1,39,9.25E-18,1805.204989,1.19E+08,218544227814
ETH,2022-06-12,133690012415,72.97,1047.036,1,39,5.81E-18,1445.216594,1.19E+08,175086938732
ETH,2022-06-19,192980661259,72.97,1001.448,1,40,3.94E-18,1127.656467,1.19E+08,136710815910
ETH,2022-06-26,106600343943,72.95,955.1811,1,41,4.18E-18,1199.831633,1.19E+08,145556215206
ETH,2022-07-03,94244778628,72.96,930.3791,1,41,3.06E-18,1073.766988,1.20E+08,130354920626
ETH,2022-07-10,95592580422,72.89,932.9527,1,40,3.01E-18,1168.401611,1.20E+08,141954129137
ETH,2022-07-17,111493865590,72.89,935.6157,1,41,3.40E-18,1338.635703,1.20E+08,162763136860
ETH,2022-07-24,149288976347,72.88,938.2592,1,41,2.64E-18,1599.476649,1.20E+08,194630191920
ETH,2022-07-31,142089787866,72.91,941.3537,6,41,2.11E-18,1681.517319,1.20E+08,204771722889
ETH,2022-08-07,108427606862,72.91,946.4024,2,41,3.33E-18,1699.350771,1.20E+08,207103611495
ETH,2022-08-14,127819380138,72.86,944.2278,6,41,2.69E-18,1936.802045,1.20E+08,236222871624
ETH,2022-08-21,131385531342,72.85,932.9093,2,41,2.22E-18,1619.318915,1.20E+08,197650970990
ETH,2022-08-28,126136964075,72.84,921.4017,2,41,2.59E-18,1430.547336,1.20E+08,174741315285
ETH,2022-09-04,112937029418,72.85,907.0636,8,42,2.79E-18,1577.641625,1.20E+08,192853381586
ETH,2022-09-11,119025564692,72.79,898.4995,9,42,2.26E-18,1761.800027,1.21E+08,215523920726
ETH,2022-09-18,128923826822,72.8,17072496,6,43,1.64E-18,1335.329131,1.21E+08,163478613612
ETH,2022-09-25,115212034191,72.8,17160098,6,42,2.01E-18,1294.216774,1.21E+08,158574740489
ETH,2022-10-02,94753456490,72.78,17276078,6,43,1.93E-18,1276.093558,1.21E+08,156481992825
ETH,2022-10-09,63453338236,72.76,17373836,6,43,3.40E-18,1322.6043,1.21E+08,162317860621
ETH,2022-10-16,71327918676,72.76,17487772,2,43,3.62E-18,1306.296622,1.21E+08,159856564472
ETH,2022-10-23,64675142972,72.68,17632444,2,43,3.06E-18,1363.447058,1.21E+08,166850284146
ETH,2022-10-30,149502010545,72.73,17729444,2,43,3.25E-18,1590.783325,1.21E+08,194670301517
ETH,2022-11-06,114763482452,72.69,17765157,1,45,4.30E-18,1572.234757,1.21E+08,192400441552
ETH,2022-11-13,167376418418,72.65,17887379,1,44,2.40E-18,1221.819218,1.21E+08,149518741493
ETH,2022-11-20,72098917564,72.69,18034617,1,44,2.00E-18,1142.466685,1.21E+08,139808065218
ETH,2022-11-27,64153692457,72.69,18124313,1,44,1.98E-18,1195.126919,1.21E+08,146252301744
ETH,2022-12-04,48670061836,72.65,18193357,1,44,2.37E-18,1280.256594,1.21E+08,156669949121
ETH,2022-12-11,35539736910,72.66,18328730,1,45,2.39E-18,1263.868548,1.21E+08,154664480620
ETH,2022-12-18,53687672267,72.66,18406730,1,44,2.20E-18,1184.715232,1.21E+08,144978183336
ETH,2022-12-25,32547939618,72.64,18559359,1,45,2.40E-18,1218.962002,1.21E+08,149169092950
ETH,2023-01-01,25971388843,72.63,18688851,1,45,2.99E-18,1200.964832,1.21E+08,146966709631
ETH,2023-01-08,28602489222,72.61,18805918,1,46,3.49E-18,1287.359442,1.21E+08,157539152133
ETH,2023-01-15,62269098150,72.58,18976820,1,45,4.09E-18,1552.47948,1.21E+08,189982916190
ETH,2023-01-22,57747601466,72.54,19084651,1,46,3.94E-18,1628.382042,1.21E+08,199271406210
ETH,2023-01-29,58168481785,72.56,19213288,4,47,4.55E-18,1646.155588,1.21E+08,201446423702
ETH,2023-02-05,55380178544,72.54,19386772,1,47,4.90E-18,1631.645879,1.21E+08,199670814562
ETH,2023-02-12,52062302110,72.59,19499788,1,48,6.04E-18,1515.033688,1.21E+08,185400529852
ETH,2023-02-19,63586351349,72.53,19643693,1,48,5.74E-18,1681.436129,1.20E+08,205763839950
ETH,2023-02-26,54922618697,72.53,19784711,5,48,4.91E-18,1640.817156,1.20E+08,200793139093
ETH,2023-03-05,47678471589,72.53,19944882,2,49,7.23E-18,1564.468721,1.20E+08,191450085930
ETH,2023-03-12,67750677014,72.51,20093370,2,50,5.26E-18,1590.292948,1.20E+08,194610296522
ETH,2023-03-19,85907403135,72.53,20216959,2,50,4.20E-18,1785.576582,1.20E+08,218507909797
ETH,2023-03-26,69752316270,72.48,20354316,2,50,5.18E-18,1775.67675,1.20E+08,217296429099
ETH,2023-04-02,56698859299,72.48,20505323,2,50,5.75E-18,1795.708092,1.20E+08,216307003101
ETH,2023-04-09,58358563195,72.46,20656895,9,49,5.74E-18,1859.387771,1.20E+08,223977715591
ETH,2023-04-16,84529607206,72.43,20790087,6,51,1.12E-17,2120.00582,1.20E+08,253800479048
ETH,2023-04-23,69509147715,72.44,20900150,6,51,9.62E-18,1862.062057,1.20E+08,224214876354
ETH,2023-04-30,64508170258,72.44,21063649,6,52,1.82E-17,1876.924327,1.20E+08,225975170378
ETH,2023-05-07,57052844702,72.42,21194202,6,52,1.80E-17,1873.076471,1.20E+08,225414591270
ETH,2023-05-14,52730036668,72.41,21347182,2,52,1.04E-17,1800.50101,1.20E+08,221375138904
ETH,2023-05-21,35504669941,72.39,21471141,2,54,8.54E-18,1804.53138,1.20E+08,217032947920
ETH,2023-05-28,39805987957,72.4,21635581,2,53,7.88E-18,1910.914158,1.20E+08,229798912477
ETH,2023-06-04,36189717424,72.37,21760783,1,54,5.55E-18,1890.51356,1.20E+08,227308028005
ETH,2023-06-11,50365386091,72.41,21846650,1,54,4.06E-18,1753.41524,1.20E+08,210808348254
ETH,2023-06-18,42013230373,72.39,22011175,1,55,4.15E-18,1720.577492,1.20E+08,206832112414
ETH,2023-06-25,52845056041,72.36,22130612,1,54,4.95E-18,1900.506136,1.20E+08,228424935741
ETH,2023-07-02,53494145485,72.38,22279019,1,55,7.65E-18,1937.438391,1.20E+08,232916432172
ETH,2023-07-09,43641786133,72.37,22421959,1,56,5.45E-18,1863.00981,1.20E+08,223949968247
ETH,2023-07-16,48072395366,72.39,22581566,1,56,5.71E-18,1923.681857,1.20E+08,231226923281
ETH,2023-07-23,39128185690,72.4,22675439,1,57,6.95E-18,1889.191672,1.20E+08,227069518772
ETH,2023-07-30,30881923781,72.33,22834695,1,56,4.95E-18,1861.643855,1.20E+08,225274024718
ETH,2023-08-06,33876254755,72.37,23013325,1,58,4.69E-18,1827.462079,1.20E+08,219593479527
ETH,2023-08-13,29979899335,72.36,23136141,1,57,5.31E-18,1839.280176,1.20E+08,220981729948
ETH,2023-08-20,46373697011,72.38,23257637,1,58,4.51E-18,1684.85205,1.20E+08,202538755664
ETH,2023-08-27,35062582484,72.36,23389927,1,59,4.56E-18,1657.513073,1.20E+08,199261172396
ETH,2023-09-03,39977542364,72.34,23489513,1,59,3.51E-18,1636.117679,1.20E+08,196688728216
ETH,2023-09-10,29219769342,72.35,23671538,1,59,3.21E-18,1616.82888,1.20E+08,194376093211
ETH,2023-09-17,35226825279,72.33,23820633,1,60,2.87E-18,1622.896753,1.20E+08,195111799251
ETH,2023-09-24,29319393203,72.37,23943857,1,60,2.49E-18,1580.853362,1.20E+08,190066005491
ETH,2023-10-01,33870780316,72.34,24103014,1,60,2.39E-18,1733.810478,1.20E+08,208471009288
ETH,2023-10-08,34530422036,72.38,24302257,1,60,1.78E-18,1633.548572,1.20E+08,196430165815
ETH,2023-10-15,32623896902,72.34,24444040,1,60,2.20E-18,1558.069793,1.20E+08,187370568342
ETH,2023-10-22,39476937798,72.32,24662101,1,61,4.39E-18,1663.429945,1.20E+08,200056060611
ETH,2023-10-29,66964766349,72.3,24859740,1,61,4.75E-18,1795.545963,1.20E+08,215947996014
ETH,2023-11-05,54980094283,72.29,25043505,1,62,7.34E-18,1894.157684,1.20E+08,227808286584
ETH,2023-11-12,81688660157,72.29,25168475,1,62,7.73E-18,2045.187041,1.20E+08,245956142900
ETH,2023-11-19,82350211541,72.33,25394807,1,63,7.36E-18,2013.204447,1.20E+08,242093237315
ETH,2023-11-26,73279190559,72.33,25562710,4,64,8.40E-18,2063.286241,1.20E+08,248100227392
ETH,2023-12-03,65813866173,72.28,25732872,1,63,1.10E-17,2193.691555,1.20E+08,263756848412
ETH,2023-12-10,89616323733,72.33,25906032,1,64,1.10E-17,2352.462756,1.20E+08,282804939333
ETH,2023-12-17,79101655424,72.3,26114032,1,65,9.84E-18,2196.481159,1.20E+08,264016381494
ETH,2023-12-24,79838355952,72.31,26307908,1,64,5.97E-18,2265.692143,1.20E+08,272299442735
ETH,2023-12-31,74823672274,72.33,26460386,5,66,5.24E-18,2281.471302,1.20E+08,274194287336
ETH,2024-01-07,73516556683,72.31,26685718,1,66,6.99E-18,2222.865888,1.20E+08,267155209385
ETH,2024-01-14,125618508716,72.29,26911032,1,65,7.12E-18,2472.241275,1.20E+08,297118235336
ETH,2024-01-21,64386569186,72.27,27201852,1,66,4.33E-18,2453.913098,1.20E+08,294903756221
ETH,2024-01-28,71958589077,72.24,27395993,3,65,5.52E-18,2257.208834,1.20E+08,271274175520
ETH,2024-02-04,56097099150,72.26,27667726,1,66,1.06E-17,2289.546121,1.20E+08,275163535442
ETH,2024-02-11,63856317022,72.27,27885443,2,66,9.20E-18,2507.570571,1.20E+08,301336201774
ETH,2024-02-18,134822714727,72.25,28095474,2,66,1.13E-17,2878.998155,1.20E+08,345956120896
ETH,2024-02-25,110605610536,72.26,28371075,2,66,1.61E-17,3112.697353,1.20E+08,374009336729
ETH,2024-03-03,142497612149,72.26,28591903,2,67,2.46E-17,3490.993637,1.20E+08,419394728671
ETH,2024-03-10,185721718353,72.25,28797251,9,66,1.96E-17,3881.193189,1.20E+08,466138296995
ETH,2024-03-17,176829887413,72.24,28991867,6,67,9.73E-18,3642.413006,1.20E+08,437365362293
ETH,2024-03-24,160121912003,72.25,29261368,6,66,9.32E-18,3454.636468,1.20E+08,414841195862
ETH,2024-03-31,104883881410,72.25,29493130,6,67,8.84E-18,3647.85638,1.20E+08,437995776899
ETH,2024-04-07,102668185351,72.21,29652343,6,67,8.65E-18,3453.494569,1.20E+08,414660162811
ETH,2024-04-14,145805696901,72.26,29801471,2,67,4.42E-18,3156.941967,1.20E+08,379048988305
ETH,2024-04-21,113975893652,72.23,30009298,2,67,3.94E-18,3147.288474,1.20E+08,377899123113
ETH,2024-04-28,84929878523,72.22,30205976,2,67,3.10E-18,3262.774742,1.20E+08,398178669382
ETH,2024-05-05,96396963322,72.23,30410446,2,67,2.15E-18,3137.248918,1.20E+08,376807893130
ETH,2024-05-12,72388895379,72.22,30608737,2,67,2.39E-18,2928.702013,1.20E+08,351783417609
ETH,2024-05-19,86103439285,72.23,30758315,1,67,4.66E-18,3071.842949,1.20E+08,369005020735
ETH,2024-05-26,186559347677,72.21,30965232,1,68,5.66E-18,3825.897552,1.20E+08,459651311321
ETH,2024-06-02,106351120911,72.19,31097012,1,68,6.21E-18,3780.895888,1.20E+08,454246781835
ETH,2024-06-09,91727708657,72.2,31322639,1,68,4.72E-18,3705.903804,1.20E+08,445269327129
ETH,2024-06-16,99583224999,72.17,31536774,1,68,3.26E-18,3620.563446,1.20E+08,435027296280
ETH,2024-06-23,103027067435,72.18,31657453,1,68,2.41E-18,3418.611877,1.20E+08,418014043659
ETH,2024-06-30,100542704882,72.18,31862213,1,68,2.61E-18,3432.88909,1.20E+08,412589046062
ETH,2024-07-07,111653332272,72.17,31967956,1,69,1.92E-18,2929.387232,1.20E+08,352114562457
ETH,2024-07-14,99540552163,72.16,32115887,1,69,3.56E-18,3244.079092,1.20E+08,389989323471
ETH,2024-07-21,112438642513,72.12,32241909,1,69,2.50E-18,3536.60544,1.20E+08,425202725801
ETH,2024-07-28,124677659196,72.14,32375926,1,69,2.45E-18,3271.464636,1.20E+08,393322680889
ETH,2024-08-04,129117580556,72.15,32475087,1,69,3.63E-18,2686.398861,1.20E+08,323015051181
ETH,2024-08-11,200213377468,72.15,32597695,1,69,1.46E-18,2553.25224,1.20E+08,307103536125
ETH,2024-08-18,99366708702,72.12,32753186,1,68,1.07E-18,2613.357179,1.20E+08,314268369392
ETH,2024-08-25,86706271252,72.16,32843503,1,69,8.71E-19,2749.157667,1.20E+08,330719150375
ETH,2024-09-01,98590549110,72.11,33016347,1,70,1.54E-18,2427.902281,1.20E+08,292099196089
ETH,2024-09-08,113062448702,72.14,33133798,1,70,1.44E-18,2297.292862,1.20E+08,276486164481
ETH,2024-09-15,103641930959,72.13,33276699,1,69,3.55E-18,2320.897242,1.20E+08,279290338598
ETH,2024-09-22,111863297549,72.1,33422142,1,70,5.56E-18,2582.862476,1.20E+08,310832153860
ETH,2024-09-29,106429244038,72.14,33529525,1,70,3.10E-18,2659.346848,1.20E+08,320089038648
ETH,2024-10-06,112999446307,72.08,33600000,1,70,3.14E-18,2439.957801,1.20E+08,293714066018